{
  "name": "weui",
  "repository": {
    "type": "git",
    "url": "https://github.com/weui/weui.git"
  },
  "description": "wechat mobile ui",
  "main": "dist/style/weui.css",
  "version": "1.0.1",
  "authors": [
    "wechat ui team"
  ],
  "license": "MIT",
  "keywords": [
    "wechat",
    "weixin",
    "mobile",
    "ui"
  ],
  "homepage": "https://github.com/weui/weui",
  "ignore": [],
  "_release": "1.0.1",
  "_resolution": {
    "type": "version",
    "tag": "v1.0.1",
    "commit": "dc5ece9de78d6bcd290e57bcbc698ebb49639779"
  },
  "_source": "https://github.com/weui/weui.git",
  "_target": "^1.0.1",
  "_originalSource": "weui",
  "_direct": true
}